<?xml version="1.0" encoding="UTF-8"?>
<manual library="API" package="Resources" namespace="\geoloc">
  <class name="region" abstract="">
    <info>
      <version>0.1</version>
      <build>1</build>
      <datecreated>1366714920</datecreated>
      <daterevised>1415199096</daterevised>
      <extends/>
      <implements/>
      <throws/>
      <title>Region Manager</title>
      <description>Gets all the information about the user's region.</description>
      <deprecated>Use \API\Geoloc\region instead.</deprecated>
    </info>
    <constants/>
    <properties>
      <scope type="public"/>
      <scope type="protected"/>
      <scope type="private">
        <prop type="string" name="defaultRegion" static="true">
          <description>The default system region.</description>
        </prop>
      </scope>
    </properties>
    <methods>
      <scope type="public">
        <method name="get" returntype="string" static="true">
          <description>Get the user's current region</description>
          <parameters/>
          <deprecated/>
          <returndescription>It is the countryCode_ISO2A.</returndescription>
          <throws/>
        </method>
        <method name="getDefault" returntype="string" static="true">
          <description>Gets the default region by locale.</description>
          <parameters/>
          <returndescription>It is the countryCode_ISO2A.</returndescription>
          <throws/>
          <deprecated/>
        </method>
        <method name="getInfo" returntype="array" static="true">
          <description>Gets the current region info.</description>
          <parameters/>
          <returndescription>Returns an array with the region info data.</returndescription>
          <throws/>
          <deprecated/>
        </method>
        <method name="get_countryId" returntype="integer" static="true">
          <description>Get user's current country id.</description>
          <parameters/>
          <deprecated/>
          <returndescription/>
          <throws/>
        </method>
        <method name="get_country" returntype="string" static="true">
          <description>Get user's current country name.</description>
          <parameters/>
          <deprecated/>
          <returndescription/>
          <throws/>
        </method>
      </scope>
      <scope type="protected"/>
      <scope type="private"/>
    </methods>
  </class>
</manual>
