<?xml version="1.0" encoding="UTF-8"?>
<manual library="API" package="Resources" namespace="\storage">
  <class name="cookies" abstract="">
    <info>
      <version>1.0</version>
      <build>3</build>
      <datecreated>1374479397</datecreated>
      <daterevised>1415346507</daterevised>
      <extends>
        <object>\ESS\Environment\cookies</object>
      </extends>
      <implements/>
      <throws/>
      <title>Cookie's Manager</title>
      <description>Manages all cookie interaction for the system</description>
      <deprecated>Use \ESS\Environment\cookies instead.</deprecated>
    </info>
    <constants/>
    <properties>
      <scope type="public"/>
      <scope type="protected"/>
      <scope type="private"/>
    </properties>
    <methods>
      <scope type="public">
        <method name="delete" returntype="boolean" static="true">
          <description>Removes a cookie</description>
          <parameters>
            <parameter name="$name" type="string" defaultvalue="">
              <description>The cookie's name</description>
            </parameter>
          </parameters>
          <returndescription>True on success, false on failure.</returndescription>
          <throws/>
          <deprecated>use \ESS\Environment\cookies::remove()</deprecated>
        </method>
      </scope>
      <scope type="protected"/>
      <scope type="private"/>
    </methods>
  </class>
</manual>
