<?xml version="1.0" encoding="UTF-8"?>
<manual library="SYS" package="Comm" namespace="\db">
  <class name="dbConnection" abstract="">
    <info>
      <version/>
      <datecreated>1404722677</datecreated>
      <daterevised>1404813221</daterevised>
      <extends>
        <object>\API\Comm\database\connections\dbConnection</object>
      </extends>
      <implements/>
      <throws/>
      <title>Redback's Database Connection handler</title>
      <description>Connects to Redback's database and executes all the red sql queries.</description>
      <deprecated/>
    </info>
    <constants/>
    <properties>
      <scope type="public"/>
      <scope type="protected"/>
      <scope type="private">
        <prop type="array" name="settings" static="true">
          <description>The database server settings.</description>
        </prop>
      </scope>
    </properties>
    <methods>
      <scope type="public">
        <method name="__construct" returntype="void">
          <description>Initializes the redback's connector.</description>
          <parameters/>
          <returndescription/>
          <throws/>
          <deprecated/>
        </method>
        <method name="execute" returntype="mixed">
          <description>Executes a red sql query (dbQuery) to the redback database.</description>
          <parameters>
            <parameter name="$dbQuery" type="dbQuery" defaultvalue="">
              <description>The query to be executed.</description>
            </parameter>
            <parameter name="$attr" type="array" defaultvalue="">
              <description>A number of attributes to be passed as arguments to the query.
It is an associative array.</description>
            </parameter>
          </parameters>
          <returndescription>For successful SELECT, SHOW, DESCRIBE or EXPLAIN queries mysqli_query() will return a mysqli_result object.
For other successful queries mysqli_query() will return TRUE.
Returns FALSE on failure.</returndescription>
          <throws/>
          <deprecated/>
        </method>
      </scope>
      <scope type="protected"/>
      <scope type="private">
        <method name="getDbServer" returntype="string">
          <description>Gets the active database server according to url.</description>
          <parameters/>
          <returndescription>The database server name.</returndescription>
          <throws/>
          <deprecated/>
        </method>
        <method name="getServerSettings" returntype="array">
          <description>Gets the server credentials.</description>
          <parameters/>
          <returndescription>An array of settings according to xml schema.</returndescription>
          <throws/>
          <deprecated/>
        </method>
      </scope>
    </methods>
  </class>
</manual>
