<?xml version="1.0" encoding="UTF-8"?>
<manual library="SYS" package="Resources" namespace="\pages">
  <class name="pageFolder" abstract="">
    <info>
      <version>1.0</version>
      <build>2</build>
      <datecreated>1404892232</datecreated>
      <daterevised>1432066438</daterevised>
      <extends/>
      <implements/>
      <throws/>
      <title>Folder Manager</title>
      <description>The system's folder manager.</description>
      <deprecated/>
    </info>
    <constants/>
    <properties>
      <scope type="public"/>
      <scope type="protected"/>
      <scope type="private"/>
    </properties>
    <methods>
      <scope type="public">
        <method name="create" returntype="boolean" static="true">
          <description>Create a new system folder.</description>
          <parameters>
            <parameter name="$name" type="string" defaultvalue="">
              <description>The name of the folder.</description>
            </parameter>
            <parameter name="$parentID" type="integer" defaultvalue="">
              <description>The parent folder id.
Leave empty to create in the domain root.
It is NULL by default.</description>
            </parameter>
            <parameter name="$domain" type="string" defaultvalue="">
              <description>The folder domain.
Leave empty to add to a certain folder as child.
It is NULL by default.</description>
            </parameter>
          </parameters>
          <returndescription>True on success, false on failure.</returndescription>
          <throws/>
          <deprecated/>
        </method>
        <method name="remove" returntype="boolean" static="true">
          <description>Remove a folder, it must be empty of other folders and pages.</description>
          <parameters>
            <parameter name="$folderID" type="integer" defaultvalue="">
              <description>The folder's id to delete.</description>
            </parameter>
          </parameters>
          <returndescription>True on success, false on failure.</returndescription>
          <throws/>
          <deprecated/>
        </method>
        <method name="info" returntype="array" static="true">
          <description>Get a folder's info.</description>
          <parameters>
            <parameter name="$folderID" type="integer" defaultvalue="">
              <description>The folder id.</description>
            </parameter>
          </parameters>
          <returndescription>An array of all folder info.</returndescription>
          <throws/>
          <deprecated/>
        </method>
        <method name="trail" returntype="string" static="true">
          <description>Get a folder's full path trail.</description>
          <parameters>
            <parameter name="$folderID" type="integer" defaultvalue="">
              <description>The folder id.</description>
            </parameter>
            <parameter name="$delimiter" type="string" defaultvalue="">
              <description>The delimiter to separate the path.
The default is the directory separator by php.</description>
            </parameter>
          </parameters>
          <returndescription>The folder's full trail path.</returndescription>
          <throws/>
          <deprecated/>
        </method>
        <method name="getAllFolders" returntype="array" static="true">
          <description>Get all system folders.</description>
          <parameters/>
          <returndescription>An array of all folder information.</returndescription>
          <throws/>
          <deprecated/>
        </method>
        <method name="getDomainFolders" returntype="array" static="true">
          <description>Get all domain subfolders.</description>
          <parameters>
            <parameter name="$domain" type="string" defaultvalue="">
              <description>The domain name.</description>
            </parameter>
          </parameters>
          <returndescription>An array of all domain folders in the first depth.</returndescription>
          <throws/>
          <deprecated/>
        </method>
        <method name="getSubFolders" returntype="array" static="true">
          <description>Get all subfolders of a given folder.</description>
          <parameters>
            <parameter name="$folderID" type="integer" defaultvalue="">
              <description>The parent folder id.</description>
            </parameter>
          </parameters>
          <returndescription>An array of all subfolders in the first depth.</returndescription>
          <throws/>
          <deprecated/>
        </method>
      </scope>
      <scope type="protected"/>
      <scope type="private"/>
    </methods>
  </class>
</manual>
