<?xml version="1.0" encoding="UTF-8"?>
<query id="31020172492374"><title>Add event in detailed db</title><description></description><access></access><attributes><attr id="event_name"></attr><attr id="timestamp"></attr><attr id="user_id"></attr><attr id="session_id"></attr><attr id="city"></attr><attr id="region"></attr><attr id="country"></attr><attr id="browser"></attr><attr id="browser_version"></attr><attr id="device"></attr><attr id="current_url"></attr><attr id="initial_referrer"></attr><attr id="initial_referrer_domain"></attr><attr id="operating_system"></attr><attr id="referrer"></attr><attr id="referring_domain"></attr><attr id="screen_height"></attr><attr id="screen_width"></attr><attr id="utm_parameters"></attr></attributes></query>
