<?xml version="1.0" encoding="UTF-8"?>
<query id="31270818508257"><title>Add new user</title><description></description><access></access><attributes><attr id="joindate"></attr><attr id="intial_platform"></attr><attr id="initial_device_type"></attr><attr id="initial_country"></attr><attr id="initial_region"></attr><attr id="initial_city"></attr><attr id="platform"></attr><attr id="intial_referrer"></attr><attr id="initial_browser"></attr><attr id="intial_landing_page"></attr><attr id="initial_device"></attr><attr id="initial_carrier"></attr></attributes></query>
