<?xml version="1.0" encoding="UTF-8"?>
<manual library="SYS" package="Resources" namespace="\pages">
  <class name="sitemap" abstract="">
    <info>
      <version>0.1</version>
      <build>1</build>
      <datecreated>1404892815</datecreated>
      <daterevised>1420188039</daterevised>
      <extends/>
      <implements/>
      <throws/>
      <title>Sitemap Manager</title>
      <description>Generates the Redback's Sitemap file.</description>
      <deprecated/>
    </info>
    <constants/>
    <properties>
      <scope type="public"/>
      <scope type="protected"/>
      <scope type="private"/>
    </properties>
    <methods>
      <scope type="public">
        <method name="generate" returntype="void" static="true">
          <description>Generates the sitemap.</description>
          <parameters/>
          <returndescription/>
          <throws/>
          <deprecated/>
        </method>
      </scope>
      <scope type="protected"/>
      <scope type="private">
        <method name="fetchPages" returntype="array">
          <description>Fetch all pages from the database.</description>
          <parameters/>
          <returndescription>Returns an array of the full name of each page along with the date updated.
[page_id]['loc'] as page location
[page_id]['lastmod'] as last modification date.</returndescription>
          <throws/>
          <deprecated/>
        </method>
        <method name="fetchFolders" returntype="array">
          <description>Fetch all folders (with the domains) from the database.</description>
          <parameters/>
          <returndescription>Returns an array of the full name of each folder (with the subdomain) as a url.</returndescription>
          <throws/>
          <deprecated/>
        </method>
      </scope>
    </methods>
  </class>
</manual>
